zone,fam,macro,producto,rho,abs_rho,n
audp_zone,edif_4p,imacec_var,precio_yoy,0.221001221001221,0.221001221001221,27
audp_zone,edif_4p,imacec_var,velocidad_yoy,0.6538461538461537,0.6538461538461537,27
audp_zone,edif_4p,imacec_var,plazo_yoy,-0.37362637362637363,0.37362637362637363,27
audp_zone,edif_4p,imacec_var,descuento_yoy,-0.44752064228896216,0.44752064228896216,27
audp_zone,edif_4p,imacec_var,sup_yoy,0.16056166056166057,0.16056166056166057,27
audp_zone,edif_4p,d_tasa_hipo,precio_yoy,-0.23321123321123322,0.23321123321123322,27
audp_zone,edif_4p,d_tasa_hipo,velocidad_yoy,-0.018925518925518924,0.018925518925518924,27
audp_zone,edif_4p,d_tasa_hipo,plazo_yoy,0.163003663003663,0.163003663003663,27
audp_zone,edif_4p,d_tasa_hipo,descuento_yoy,-0.2790097831554641,0.2790097831554641,27
audp_zone,edif_4p,d_tasa_hipo,sup_yoy,-0.25824175824175827,0.25824175824175827,27
audp_zone,edif_4p,d_desempleo,precio_yoy,-0.2207296621656267,0.2207296621656267,27
audp_zone,edif_4p,d_desempleo,velocidad_yoy,-0.4075713678991862,0.4075713678991862,27
audp_zone,edif_4p,d_desempleo,plazo_yoy,0.3083498738413319,0.3083498738413319,27
audp_zone,edif_4p,d_desempleo,descuento_yoy,0.6391496683548386,0.6391496683548386,27
audp_zone,edif_4p,d_desempleo,sup_yoy,0.023813158573885034,0.023813158573885034,27
audp_zone,edif_4p,ipv_general_yoy,precio_yoy,0.2537453285473942,0.2537453285473942,27
audp_zone,edif_4p,ipv_general_yoy,velocidad_yoy,-0.3729750612383384,0.3729750612383384,27
audp_zone,edif_4p,ipv_general_yoy,plazo_yoy,-0.22867651295596483,0.22867651295596483,27
audp_zone,edif_4p,ipv_general_yoy,descuento_yoy,0.5484212252870473,0.5484212252870473,27
audp_zone,edif_4p,ipv_general_yoy,sup_yoy,0.47753036529039716,0.47753036529039716,27
audp_zone,edif_4p,icoi_yoy,precio_yoy,0.4156194667729049,0.4156194667729049,27
audp_zone,edif_4p,icoi_yoy,velocidad_yoy,-0.38562312132872945,0.38562312132872945,27
audp_zone,edif_4p,icoi_yoy,plazo_yoy,-0.024430013299895453,0.024430013299895453,27
audp_zone,edif_4p,icoi_yoy,descuento_yoy,-0.10199288986903025,0.10199288986903025,27
audp_zone,edif_4p,icoi_yoy,sup_yoy,0.025357735323942112,0.025357735323942112,27
audp_zone,ds19,imacec_var,precio_yoy,-0.3431013431013431,0.3431013431013431,27
audp_zone,ds19,imacec_var,velocidad_yoy,-0.08974358974358974,0.08974358974358974,27
audp_zone,ds19,imacec_var,plazo_yoy,-0.22344322344322343,0.22344322344322343,27
audp_zone,ds19,imacec_var,descuento_yoy,-0.24770081331758462,0.24770081331758462,27
audp_zone,ds19,imacec_var,sup_yoy,0.052503052503052504,0.052503052503052504,27
audp_zone,ds19,d_tasa_hipo,precio_yoy,-0.033577533577533576,0.033577533577533576,27
audp_zone,ds19,d_tasa_hipo,velocidad_yoy,-0.05067155067155067,0.05067155067155067,27
audp_zone,ds19,d_tasa_hipo,plazo_yoy,0.030525030525030524,0.030525030525030524,27
audp_zone,ds19,d_tasa_hipo,descuento_yoy,0.2767330782201444,0.2767330782201444,27
audp_zone,ds19,d_tasa_hipo,sup_yoy,0.13614163614163613,0.13614163614163613,27
audp_zone,ds19,d_desempleo,precio_yoy,0.1459319204912442,0.1459319204912442,27
audp_zone,ds19,d_desempleo,velocidad_yoy,-0.29888566979273656,0.29888566979273656,27
audp_zone,ds19,d_desempleo,plazo_yoy,0.36482980122811054,0.36482980122811054,27
audp_zone,ds19,d_desempleo,descuento_yoy,0.42134100711277694,0.42134100711277694,27
audp_zone,ds19,d_desempleo,sup_yoy,-0.18287284597124537,0.18287284597124537,27
audp_zone,ds19,ipv_general_yoy,precio_yoy,-0.5381796972387821,0.5381796972387821,27
audp_zone,ds19,ipv_general_yoy,velocidad_yoy,-0.46609660498659555,0.46609660498659555,27
audp_zone,ds19,ipv_general_yoy,plazo_yoy,-0.19609044587247335,0.19609044587247335,27
audp_zone,ds19,ipv_general_yoy,descuento_yoy,0.08158724911163455,0.08158724911163455,27
audp_zone,ds19,ipv_general_yoy,sup_yoy,0.35613934561885346,0.35613934561885346,27
audp_zone,ds19,icoi_yoy,precio_yoy,-0.25000929005407135,0.25000929005407135,27
audp_zone,ds19,icoi_yoy,velocidad_yoy,-0.09175217787698677,0.09175217787698677,27
audp_zone,ds19,icoi_yoy,plazo_yoy,-0.18288856932526892,0.18288856932526892,27
audp_zone,ds19,icoi_yoy,descuento_yoy,-0.11838063674131637,0.11838063674131637,27
audp_zone,ds19,icoi_yoy,sup_yoy,0.5412762708313513,0.5412762708313513,27
audp_zone,casa,imacec_var,precio_yoy,-0.07123034227567068,0.07123034227567068,47
audp_zone,casa,imacec_var,velocidad_yoy,0.1702127659574468,0.1702127659574468,47
audp_zone,casa,imacec_var,plazo_yoy,-0.3834412580943571,0.3834412580943571,47
audp_zone,casa,imacec_var,descuento_yoy,-0.006359851988899168,0.006359851988899168,47
audp_zone,casa,imacec_var,sup_yoy,-0.3020351526364477,0.3020351526364477,47
audp_zone,casa,d_tasa_hipo,precio_yoy,0.14118871415356152,0.14118871415356152,47
audp_zone,casa,d_tasa_hipo,velocidad_yoy,-0.4022895467160037,0.4022895467160037,47
audp_zone,casa,d_tasa_hipo,plazo_yoy,0.37580943570767805,0.37580943570767805,47
audp_zone,casa,d_tasa_hipo,descuento_yoy,-0.0008094357076780759,0.0008094357076780759,47
audp_zone,casa,d_tasa_hipo,sup_yoy,0.10904255319148937,0.10904255319148937,47
audp_zone,casa,d_desempleo,precio_yoy,0.0204152457786466,0.0204152457786466,47
audp_zone,casa,d_desempleo,velocidad_yoy,0.04661384730195228,0.04661384730195228,47
audp_zone,casa,d_desempleo,plazo_yoy,-0.022265919616937507,0.022265919616937507,47
audp_zone,casa,d_desempleo,descuento_yoy,0.18269620797378075,0.18269620797378075,47
audp_zone,casa,d_desempleo,sup_yoy,0.147880406390933,0.147880406390933,47
audp_zone,casa,ipv_general_yoy,precio_yoy,-0.08027297773586821,0.08027297773586821,47
audp_zone,casa,ipv_general_yoy,velocidad_yoy,0.39610203495170127,0.39610203495170127,47
audp_zone,casa,ipv_general_yoy,plazo_yoy,-0.49927710143641946,0.49927710143641946,47
audp_zone,casa,ipv_general_yoy,descuento_yoy,0.04626684595727274,0.04626684595727274,47
audp_zone,casa,ipv_general_yoy,sup_yoy,-0.03793881368496365,0.03793881368496365,47
audp_zone,casa,icoi_yoy,precio_yoy,0.3436894383298068,0.3436894383298068,47
audp_zone,casa,icoi_yoy,velocidad_yoy,0.1905071136239587,0.1905071136239587,47
audp_zone,casa,icoi_yoy,plazo_yoy,-0.07001295809484091,0.07001295809484091,47
audp_zone,casa,icoi_yoy,descuento_yoy,-0.6589216229968926,0.6589216229968926,47
audp_zone,casa,icoi_yoy,sup_yoy,-0.2685761985194477,0.2685761985194477,47
audp_zone,townhouse,imacec_var,precio_yoy,-0.33384615384615385,0.33384615384615385,25
audp_zone,townhouse,imacec_var,velocidad_yoy,-0.09999999999999999,0.09999999999999999,25
audp_zone,townhouse,imacec_var,plazo_yoy,0.17846153846153845,0.17846153846153845,25
audp_zone,townhouse,imacec_var,descuento_yoy,-0.12404467287171222,0.12404467287171222,25
audp_zone,townhouse,imacec_var,sup_yoy,0.21538461538461537,0.21538461538461537,25
audp_zone,townhouse,d_tasa_hipo,precio_yoy,0.3992307692307692,0.3992307692307692,25
audp_zone,townhouse,d_tasa_hipo,velocidad_yoy,-0.2846153846153846,0.2846153846153846,25
audp_zone,townhouse,d_tasa_hipo,plazo_yoy,0.5776923076923076,0.5776923076923076,25
audp_zone,townhouse,d_tasa_hipo,descuento_yoy,-0.4946085057542956,0.4946085057542956,25
audp_zone,townhouse,d_tasa_hipo,sup_yoy,0.35230769230769227,0.35230769230769227,25
audp_zone,townhouse,d_desempleo,precio_yoy,0.044239277602345625,0.044239277602345625,25
audp_zone,townhouse,d_desempleo,velocidad_yoy,0.26197346127997717,0.26197346127997717,25
audp_zone,townhouse,d_desempleo,plazo_yoy,-0.30198115580731577,0.30198115580731577,25
audp_zone,townhouse,d_desempleo,descuento_yoy,0.23576947774422993,0.23576947774422993,25
audp_zone,townhouse,d_desempleo,sup_yoy,-0.08309290401831876,0.08309290401831876,25
audp_zone,townhouse,ipv_general_yoy,precio_yoy,-0.5506753959851409,0.5506753959851409,25
audp_zone,townhouse,ipv_general_yoy,velocidad_yoy,0.4169564579817512,0.4169564579817512,25
audp_zone,townhouse,ipv_general_yoy,plazo_yoy,-0.7788068406479844,0.7788068406479844,25
audp_zone,townhouse,ipv_general_yoy,descuento_yoy,0.37226177667832805,0.37226177667832805,25
audp_zone,townhouse,ipv_general_yoy,sup_yoy,0.0655107189065598,0.0655107189065598,25
audp_zone,townhouse,icoi_yoy,precio_yoy,-0.03948929509438584,0.03948929509438584,25
audp_zone,townhouse,icoi_yoy,velocidad_yoy,0.23810871992555427,0.23810871992555427,25
audp_zone,townhouse,icoi_yoy,plazo_yoy,0.016030307909602175,0.016030307909602175,25
audp_zone,townhouse,icoi_yoy,descuento_yoy,0.2547905361653218,0.2547905361653218,25
audp_zone,townhouse,icoi_yoy,sup_yoy,0.4699617099351662,0.4699617099351662,25
nacional,edif_4p,imacec_var,precio_yoy,0.22915762049500651,0.22915762049500651,48
nacional,edif_4p,imacec_var,velocidad_yoy,-0.0140034737299175,0.0140034737299175,48
nacional,edif_4p,imacec_var,plazo_yoy,-0.28321754233608337,0.28321754233608337,48
nacional,edif_4p,imacec_var,descuento_yoy,-0.1661962657403387,0.1661962657403387,48
nacional,edif_4p,imacec_var,sup_yoy,-0.03582283977420755,0.03582283977420755,48
nacional,edif_4p,d_tasa_hipo,precio_yoy,0.013677811550151976,0.013677811550151976,48
nacional,edif_4p,d_tasa_hipo,velocidad_yoy,-0.42314372557533647,0.42314372557533647,48
nacional,edif_4p,d_tasa_hipo,plazo_yoy,0.38069908814589665,0.38069908814589665,48
nacional,edif_4p,d_tasa_hipo,descuento_yoy,-0.10953104646113765,0.10953104646113765,48
nacional,edif_4p,d_tasa_hipo,sup_yoy,-0.0028224055579678677,0.0028224055579678677,48
nacional,edif_4p,d_desempleo,precio_yoy,-0.2930669525429734,0.2930669525429734,48
nacional,edif_4p,d_desempleo,velocidad_yoy,0.06232694729887615,0.06232694729887615,48
nacional,edif_4p,d_desempleo,plazo_yoy,0.11775884032339926,0.11775884032339926,48
nacional,edif_4p,d_desempleo,descuento_yoy,-0.017590532164491177,0.017590532164491177,48
nacional,edif_4p,d_desempleo,sup_yoy,-0.14137575850720688,0.14137575850720688,48
nacional,edif_4p,ipv_general_yoy,precio_yoy,0.2120093459948705,0.2120093459948705,48
nacional,edif_4p,ipv_general_yoy,velocidad_yoy,0.09039579028974633,0.09039579028974633,48
nacional,edif_4p,ipv_general_yoy,plazo_yoy,-0.2945871219892874,0.2945871219892874,48
nacional,edif_4p,ipv_general_yoy,descuento_yoy,0.08165481597344053,0.08165481597344053,48
nacional,edif_4p,ipv_general_yoy,sup_yoy,-0.17720832402746667,0.17720832402746667,48
nacional,edif_4p,icoi_yoy,precio_yoy,0.11598332962066449,0.11598332962066449,48
nacional,edif_4p,icoi_yoy,velocidad_yoy,0.059786903964873475,0.059786903964873475,48
nacional,edif_4p,icoi_yoy,plazo_yoy,-0.10526629587991827,0.10526629587991827,48
nacional,edif_4p,icoi_yoy,descuento_yoy,-0.28783667777811245,0.28783667777811245,48
nacional,edif_4p,icoi_yoy,sup_yoy,-0.20514687429621284,0.20514687429621284,48
nacional,ds19,imacec_var,precio_yoy,-0.08980938416422286,0.08980938416422286,32
nacional,ds19,imacec_var,velocidad_yoy,-0.219208211143695,0.219208211143695,32
nacional,ds19,imacec_var,plazo_yoy,0.08321114369501466,0.08321114369501466,32
nacional,ds19,imacec_var,descuento_yoy,0.33874072179661807,0.33874072179661807,32
nacional,ds19,imacec_var,sup_yoy,-0.08284457478005865,0.08284457478005865,32
nacional,ds19,d_tasa_hipo,precio_yoy,0.20931085043988265,0.20931085043988265,32
nacional,ds19,d_tasa_hipo,velocidad_yoy,-0.03885630498533724,0.03885630498533724,32
nacional,ds19,d_tasa_hipo,plazo_yoy,0.12463343108504396,0.12463343108504396,32
nacional,ds19,d_tasa_hipo,descuento_yoy,0.1574557792333847,0.1574557792333847,32
nacional,ds19,d_tasa_hipo,sup_yoy,-0.06781524926686217,0.06781524926686217,32
nacional,ds19,d_desempleo,precio_yoy,-0.3142071546837622,0.3142071546837622,32
nacional,ds19,d_desempleo,velocidad_yoy,-0.03336388690340999,0.03336388690340999,32
nacional,ds19,d_desempleo,plazo_yoy,-0.20073327560018647,0.20073327560018647,32
nacional,ds19,d_desempleo,descuento_yoy,-0.02227518572013517,0.02227518572013517,32
nacional,ds19,d_desempleo,sup_yoy,0.25389551297375185,0.25389551297375185,32
nacional,ds19,ipv_general_yoy,precio_yoy,-0.6140160352294258,0.6140160352294258,32
nacional,ds19,ipv_general_yoy,velocidad_yoy,-0.3043479541217859,0.3043479541217859,32
nacional,ds19,ipv_general_yoy,plazo_yoy,-0.42964611727138186,0.42964611727138186,32
nacional,ds19,ipv_general_yoy,descuento_yoy,-0.09833963538729765,0.09833963538729765,32
nacional,ds19,ipv_general_yoy,sup_yoy,0.5160523176278382,0.5160523176278382,32
nacional,ds19,icoi_yoy,precio_yoy,0.10583990445901212,0.10583990445901212,32
nacional,ds19,icoi_yoy,velocidad_yoy,-0.09198651382301576,0.09198651382301576,32
nacional,ds19,icoi_yoy,plazo_yoy,-0.18711312952352405,0.18711312952352405,32
nacional,ds19,icoi_yoy,descuento_yoy,-0.4112063196668524,0.4112063196668524,32
nacional,ds19,icoi_yoy,sup_yoy,0.06797397005395542,0.06797397005395542,32
nacional,casa,imacec_var,precio_yoy,0.05058619192357794,0.05058619192357794,48
nacional,casa,imacec_var,velocidad_yoy,0.17346938775510204,0.17346938775510204,48
nacional,casa,imacec_var,plazo_yoy,-0.3296786799826314,0.3296786799826314,48
nacional,casa,imacec_var,descuento_yoy,-0.004776378636561007,0.004776378636561007,48
nacional,casa,imacec_var,sup_yoy,-0.05807642205818497,0.05807642205818497,48
nacional,casa,d_tasa_hipo,precio_yoy,0.2442466348241424,0.2442466348241424,48
nacional,casa,d_tasa_hipo,velocidad_yoy,-0.427594442032132,0.427594442032132,48
nacional,casa,d_tasa_hipo,plazo_yoy,0.4634172818063396,0.4634172818063396,48
nacional,casa,d_tasa_hipo,descuento_yoy,-0.06534954407294832,0.06534954407294832,48
nacional,casa,d_tasa_hipo,sup_yoy,0.22633521493703865,0.22633521493703865,48
nacional,casa,d_desempleo,precio_yoy,-0.11086378604904626,0.11086378604904626,48
nacional,casa,d_desempleo,velocidad_yoy,-0.03610402434995875,0.03610402434995875,48
nacional,casa,d_desempleo,plazo_yoy,0.06194690493729763,0.06194690493729763,48
nacional,casa,d_desempleo,descuento_yoy,0.19724198565924828,0.19724198565924828,48
nacional,casa,d_desempleo,sup_yoy,-0.06943916863698832,0.06943916863698832,48
nacional,casa,ipv_general_yoy,precio_yoy,0.05543189302452313,0.05543189302452313,48
nacional,casa,ipv_general_yoy,velocidad_yoy,0.2671697801896947,0.2671697801896947,48
nacional,casa,ipv_general_yoy,plazo_yoy,-0.35474239865057206,0.35474239865057206,48
nacional,casa,ipv_general_yoy,descuento_yoy,0.23600630654025662,0.23600630654025662,48
nacional,casa,ipv_general_yoy,sup_yoy,-0.10771486362453857,0.10771486362453857,48
nacional,casa,icoi_yoy,precio_yoy,0.5413462068739363,0.5413462068739363,48
nacional,casa,icoi_yoy,velocidad_yoy,0.0435209492009998,0.0435209492009998,48
nacional,casa,icoi_yoy,plazo_yoy,-0.04569699666104979,0.04569699666104979,48
nacional,casa,icoi_yoy,descuento_yoy,-0.48966507969774903,0.48966507969774903,48
nacional,casa,icoi_yoy,sup_yoy,-0.10700713384795828,0.10700713384795828,48
nacional,townhouse,imacec_var,precio_yoy,0.5238866396761134,0.5238866396761134,39
nacional,townhouse,imacec_var,velocidad_yoy,-0.34230769230769237,0.34230769230769237,39
nacional,townhouse,imacec_var,plazo_yoy,-0.2431174089068826,0.2431174089068826,39
nacional,townhouse,imacec_var,descuento_yoy,0.10177216494435783,0.10177216494435783,39
nacional,townhouse,imacec_var,sup_yoy,0.36214574898785423,0.36214574898785423,39
nacional,townhouse,d_tasa_hipo,precio_yoy,0.18319838056680163,0.18319838056680163,39
nacional,townhouse,d_tasa_hipo,velocidad_yoy,-0.45526315789473687,0.45526315789473687,39
nacional,townhouse,d_tasa_hipo,plazo_yoy,0.3742914979757085,0.3742914979757085,39
nacional,townhouse,d_tasa_hipo,descuento_yoy,-0.3164557367672818,0.3164557367672818,39
nacional,townhouse,d_tasa_hipo,sup_yoy,0.3072874493927126,0.3072874493927126,39
nacional,townhouse,d_desempleo,precio_yoy,-0.551877723244444,0.551877723244444,39
nacional,townhouse,d_desempleo,velocidad_yoy,0.3330296605785438,0.3330296605785438,39
nacional,townhouse,d_desempleo,plazo_yoy,-0.06751695550330963,0.06751695550330963,39
nacional,townhouse,d_desempleo,descuento_yoy,0.08922423255927142,0.08922423255927142,39
nacional,townhouse,d_desempleo,sup_yoy,-0.4333434580354851,0.4333434580354851,39
nacional,townhouse,ipv_general_yoy,precio_yoy,-0.0822278586416105,0.0822278586416105,39
nacional,townhouse,ipv_general_yoy,velocidad_yoy,0.20000002563692212,0.20000002563692212,39
nacional,townhouse,ipv_general_yoy,plazo_yoy,-0.43513929628448317,0.43513929628448317,39
nacional,townhouse,ipv_general_yoy,descuento_yoy,0.27487335359675785,0.27487335359675785,39
nacional,townhouse,ipv_general_yoy,sup_yoy,-0.08475950453574875,0.08475950453574875,39
nacional,townhouse,icoi_yoy,precio_yoy,0.2589980910650607,0.2589980910650607,39
nacional,townhouse,icoi_yoy,velocidad_yoy,-0.05092544883186633,0.05092544883186633,39
nacional,townhouse,icoi_yoy,plazo_yoy,0.03628819407779696,0.03628819407779696,39
nacional,townhouse,icoi_yoy,descuento_yoy,-0.025119673410982365,0.025119673410982365,39
nacional,townhouse,icoi_yoy,sup_yoy,0.2051248617618887,0.2051248617618887,39
